"","region","saleYear","volume","volCS","volShare","volGrowth","medPrice","priceGrowth"
"1","algona",1996,54,27516,0.00196249454862625,-0.197305299882939,99975,-0.0695672405770126
"2","algona",1997,58,31821,0.00182269570409478,-0.0712352778912597,104250,0.0427606901725435
"3","algona",1998,82,34021,0.0024102760059963,0.322368841151865,109725,0.0525179856115099
"4","algona",1999,87,33331,0.0026101827127899,0.0829393423393292,120400,0.0972886762360452
"5","algona",2000,80,31196,0.00256443133735094,-0.0175280355719045,131975,0.0961378737541532
"6","algona",2001,77,30855,0.00249554367201426,-0.0268627450980391,139900,0.0600492517522262
"7","algona",2002,95,33613,0.00282628744830869,0.132533756072268,164350,0.174767691208004
"8","algona",2003,117,39941,0.00292932074810345,0.0364553505894876,164000,-0.0021296014602985
"9","algona",2004,91,43322,0.00210054937445178,-0.282922713119841,173000,0.0548780487804879
"10","algona",2005,104,45181,0.0023018525486377,0.0958335836492585,184000,0.0635838150289025
"11","algona",2006,111,39609,0.00280239339544043,0.217451307686481,215000,0.168478260869566
"12","algona",2007,74,31419,0.00235526273910691,-0.159553136637067,250000,0.162790697674418
"13","algona",2008,41,20255,0.00202419155764009,-0.140566560141974,197340,-0.210639999999999
"14","algona",2009,40,19232,0.00207986688851913,0.027504971389148,198875,0.00777845343062733
"15","algona",2010,41,20732,0.0019776191394945,-0.0491607177310437,148000,-0.255813953488373
"16","algona",2011,54,21948,0.0024603608529251,0.244102468362027,103625,-0.29983108108108
"17","algona",2012,46,28077,0.00163835167574883,-0.334101063345641,155000,0.495778045838358
"18","algona",2013,65,33382,0.00194715715056018,0.188485463397353,161000,0.0387096774193547
"19","algona",2014,56,31845,0.00175851782069399,-0.0968793555322057,158250,-0.0170807453416147
"20","algona",2015,80,34417,0.00232443269314583,0.321813555593373,177450,0.12132701421801
"21","algona",2016,76,33824,0.00224692526017029,-0.0333446665089869,222500,0.253874330797407
"22","auburn",1996,1260,27516,0.0457915394679459,0.08055055784989,140000,0.0687022900763359
"23","auburn",1997,1501,31821,0.0471701077904528,0.0301053063191274,152100,0.0864285714285724
"24","auburn",1998,1651,34021,0.0485288498280474,0.0288051501520958,155000,0.019066403681788
"25","auburn",1999,1701,33331,0.0510335723500645,0.0516130617332189,165000,0.0645161290322585
"26","auburn",2000,1626,31196,0.0521220669316579,0.021328990534444,183775,0.113787878787878
"27","auburn",2001,1774,30855,0.0574947334305623,0.103078538806779,204889,0.114890491089647
"28","auburn",2002,1685,33613,0.0501294142147383,-0.128104241490557,203950,-0.00458296931509217
"29","auburn",2003,2039,39941,0.0510502991913072,0.0183701523545448,214200,0.0502574160333424
"30","auburn",2004,1959,43322,0.0452195189511103,-0.114216377427025,222000,0.0364145658263306
"31","auburn",2005,2033,45181,0.0449967906863505,-0.00492548947724625,268000,0.207207207207207
"32","auburn",2006,1768,39609,0.0446363200282764,-0.00801103039962814,296000,0.104477611940297
"33","auburn",2007,1255,31419,0.0399439829402591,-0.105123744185112,307000,0.0371621621621621
"34","auburn",2008,758,20255,0.0374228585534436,-0.0631164996887296,285750,-0.0692182410423446
"35","auburn",2009,691,19232,0.0359297004991681,-0.0398996258434712,250000,-0.125109361329834
"36","auburn",2010,681,20732,0.0328477715608721,-0.0857766386994328,246900,-0.0123999999999995
"37","auburn",2011,1191,21948,0.0542646254784035,0.652003253183937,3e+05,0.215066828675577
"38","auburn",2012,1355,28077,0.0482601417530363,-0.110651896561175,225000,-0.249999999999999
"39","auburn",2013,1889,33382,0.0565873824216644,0.17254903044507,258912,0.15072
"40","auburn",2014,1545,31845,0.0485162505887895,-0.142631298488634,260000,0.00420219997528082
"41","auburn",2015,1687,34417,0.0490164744167127,0.0103104387056407,296000,0.138461538461537
"42","auburn",2016,1835,33824,0.0542514191106906,0.106799698596704,319900,0.0807432432432429
"43","beaux arts",1996,10,27516,0.000363424916412269,0.0591110626544555,372500,-0.143678160919541
"44","beaux arts",1997,4,31821,0.000125703152006537,-0.654115206938814,274916.75,-0.261968456375838
"45","beaux arts",1998,7,34021,0.000205755268804562,0.636834602157492,590000,1.146104229735
"46","beaux arts",1999,2,33331,6.00042002940206e-05,-0.708371014542446,589500,-0.000847457627118908
"47","beaux arts",2000,9,31196,0.000288498525451981,3.80797217591998,490000,-0.168787107718406
"48","beaux arts",2001,6,30855,0.000194457948468644,-0.325965537730244,502475,0.0254591836734694
"49","beaux arts",2002,4,33613,0.000119001576770892,-0.388034391455686,444000,-0.116373948952683
"50","beaux arts",2003,4,39941,0.000100147717883879,-0.158433689692296,773500,0.742117117117117
"51","beaux arts",2004,8,43322,0.000184663681270486,0.843913023406122,605000,-0.217840982546866
"52","beaux arts",2005,13,45181,0.000287731568579713,0.558138376751288,915000,0.512396694214876
"53","beaux arts",2006,10,39609,0.000252467873463102,-0.122557616081815,847500,-0.0737704918032778
"54","beaux arts",2007,6,31419,0.000190967249116776,-0.24359782297336,1195000,0.410029498525072
"55","beaux arts",2008,5,20255,0.000246852628980499,0.292643791656381,1030000,-0.138075313807532
"56","beaux arts",2009,6,19232,0.00031198003327787,0.263831114808651,878081.5,-0.147493689320388
"57","beaux arts",2010,7,20732,0.000337642292108817,0.0822560936394634,750000,-0.145865161719043
"58","beaux arts",2011,7,21948,0.00031893566611992,-0.0554036814288317,825000,0.099999999999999
"59","beaux arts",2012,6,28077,0.000213698044662891,-0.329965045105552,1032500,0.251515151515152
"60","beaux arts",2013,6,33382,0.000179737583128632,-0.158917979749566,1272500,0.232445520581114
"61","beaux arts",2014,5,31845,0.00015701051970482,-0.126445805202281,1e+06,-0.214145383104126
"62","beaux arts",2015,8,34417,0.000232443269314583,0.480431182264578,1145206,0.145206
"63","beaux arts",2016,14,33824,0.000413907284768212,0.780680877483443,1462500,0.277062816646088
"64","bellevue",1996,1816,27516,0.0659979648204681,0.00370290399503759,210500,0.0193704600484264
"65","bellevue",1997,2061,31821,0.064768549071368,-0.0186280857666511,239950,0.139904988123517
"66","bellevue",1998,2175,34021,0.0639311013785603,-0.0129298510591136,263950,0.100020837674516
"67","bellevue",1999,2297,33331,0.0689148240376826,0.0779545878556329,296000,0.121424512218222
"68","bellevue",2000,2093,31196,0.067091934863444,-0.0264513361195244,329000,0.111486486486488
"69","bellevue",2001,1682,30855,0.0545130448873764,-0.187487363446443,328750,-0.000759878419453686
"70","bellevue",2002,1837,33613,0.0546514741320323,0.0025393783257166,349500,0.0631178707224331
"71","bellevue",2003,2154,39941,0.0539295460804687,-0.0132096720725128,355000,0.0157367668097286
"72","bellevue",2004,2243,43322,0.0517750796362125,-0.039949649141149,407000,0.146478873239436
"73","bellevue",2005,2356,45181,0.0521458135056772,0.00716046932364955,487250,0.197174447174447
"74","bellevue",2006,2024,39609,0.0510994975889318,-0.0200651950061423,585250,0.20112878399179
"75","bellevue",2007,1737,31419,0.0552850186193068,0.0819092403617205,675000,0.15335326783426
"76","bellevue",2008,994,20255,0.0490743026413231,-0.112339945487777,590800,-0.124740740740741
"77","bellevue",2009,1032,19232,0.0536605657237937,0.0934554916855546,529000,-0.104603926878809
"78","bellevue",2010,1275,20732,0.0614991317769632,0.146076843347437,532000,0.00567107750472595
"79","bellevue",2011,1347,21948,0.061372334609076,-0.00206177167422505,512000,-0.0375939849624054
"80","bellevue",2012,1777,28077,0.063290237560993,0.0312502850695429,557000,0.0878906249999993
"81","bellevue",2013,1952,33382,0.058474627044515,-0.0760877301469625,601450,0.0798025134649907
"82","bellevue",2014,1799,31845,0.0564923849897943,-0.0338991825157204,7e+05,0.163854019452989
"83","bellevue",2015,2013,34417,0.0584885376412819,0.0353348978246932,752000,0.0742857142857147
"84","bellevue",2016,1929,33824,0.0570305108798486,-0.0249284188019125,845000,0.123670212765956
"85","black diamond",1996,87,27516,0.00316179677278674,-0.42410835968164,149000,0.150579150579152
"86","black diamond",1997,163,31821,0.00512240344426637,0.620092565200383,158000,0.0604026845637584
"87","black diamond",1998,184,34021,0.00540842420857706,0.055837219270739,184854,0.169962025316456
"88","black diamond",1999,139,33331,0.00417029192043443,-0.228926622689675,160000,-0.13445205405347
"89","black diamond",2000,133,31196,0.00426336709834594,0.0223186241364641,179900,0.124375000000001
"90","black diamond",2001,124,30855,0.0040187976016853,-0.057365338479889,191000,0.0617009449694272
"91","black diamond",2002,108,33613,0.00321304257281409,-0.200496543675978,2e+05,0.047120418848168
"92","black diamond",2003,155,39941,0.0038807240680003,0.207803500904574,2e+05,0
"93","black diamond",2004,144,43322,0.00332394626286875,-0.14347266009522,220000,0.099999999999999
"94","black diamond",2005,176,45181,0.00389544277461765,0.171933138069345,275000,0.250000000000001
"95","black diamond",2006,246,39609,0.0062107096871923,0.594352695324065,408250,0.484545454545455
"96","black diamond",2007,138,31419,0.00439224672968586,-0.292794712536068,342000,-0.162278015921617
"97","black diamond",2008,63,20255,0.00311034312515428,-0.291856009788244,385000,0.125730994152046
"98","black diamond",2009,74,19232,0.0038477537437604,0.237083366347094,233525,-0.393441558441557
"99","black diamond",2010,68,20732,0.00327995369477137,-0.147566628948068,240000,0.0277272240659456
"100","black diamond",2011,85,21948,0.00387279023145617,0.18074539821396,230000,-0.0416666666666664
"101","black diamond",2012,96,28077,0.00341916871460626,-0.117130412374374,235950,0.0258695652173899
"102","black diamond",2013,115,33382,0.00344497034329878,0.00754617009166592,272000,0.152786607332062
"103","black diamond",2014,115,31845,0.00361124195321087,0.0482650337572623,253000,-0.0698529411764701
"104","black diamond",2015,217,34417,0.00630502368015806,0.745943296475073,5e+05,0.976284584980236
"105","black diamond",2016,118,33824,0.00348864711447493,-0.446687706272426,349999.5,-0.300001
"106","bothell",1996,334,27516,0.0121383922081698,0.0442600588238766,173500,0.0146198830409361
"107","bothell",1997,349,31821,0.0109676000125703,-0.0964536468686086,187500,0.0806916426512965
"108","bothell",1998,378,34021,0.0111107845154463,0.0130552265501951,209975,0.119866666666667
"109","bothell",1999,343,33331,0.0102907203504245,-0.073807944333881,226000,0.0763186093582562
"110","bothell",2000,366,31196,0.0117322733683806,0.140082809450416,248950,0.101548672566372
"111","bothell",2001,368,30855,0.0119267541727435,0.0165765660461892,259475,0.0422775657762606
"112","bothell",2002,394,33613,0.0117216553119329,-0.0171965362780181,286250,0.103189131900953
"113","bothell",2003,427,39941,0.0106907688841041,-0.0879471713162706,286900,0.00227074235807789
"114","bothell",2004,477,43322,0.0110105719957527,0.0299139486706324,320000,0.115371209480656
"115","bothell",2005,482,45181,0.0106682012350324,-0.0310947297608491,369975,0.156171875000001
"116","bothell",2006,386,39609,0.00974525991567573,-0.0865133023855909,428750,0.158862085276031
"117","bothell",2007,300,31419,0.00954836245583882,-0.0202044339033161,435500,0.0157434402332366
"118","bothell",2008,201,20255,0.00992347568501604,0.0392856084917299,417000,-0.0424799081515491
"119","bothell",2009,215,19232,0.0111792845257903,0.126549293880018,365000,-0.124700239808154
"120","bothell",2010,255,20732,0.0122998263553926,0.100233769613539,374000,0.0246575342465738
"121","bothell",2011,314,21948,0.0143065427373793,0.163149976593517,388000,0.0374331550802147
"122","bothell",2012,386,28077,0.0137479075399793,-0.0390475328424625,374900,-0.0337628865979386
"123","bothell",2013,383,33382,0.0114732490563777,-0.165454886642704,416000,0.109629234462524
"124","bothell",2014,359,31845,0.0112733553148061,-0.0174225923789638,455000,0.0937500000000009
"125","bothell",2015,382,34417,0.0110991661097713,-0.0154514073379718,474500,0.0428571428571431
"126","bothell",2016,392,33824,0.0115894039735099,0.0441688915086162,590000,0.243414120126448
"127","burien",1996,554,27516,0.0201337403692397,-0.0261451805633718,117500,0.00213219616204618
"128","burien",1997,717,31821,0.0225322899971717,0.119130851195263,126000,0.072340425531916
"129","burien",1998,719,34021,0.0211340054672114,-0.0620569205409555,138700,0.10079365079365
"130","burien",1999,791,33331,0.0237316612162851,0.122913555270149,155000,0.117519826964672
"131","burien",2000,722,31196,0.0231439928195923,-0.0247630535147544,165000,0.0645161290322585
"132","burien",2001,685,30855,0.0222006157835035,-0.0407612050108384,171500,0.0393939393939391
"133","burien",2002,713,33613,0.0212120310594115,-0.0445296082654845,181500,0.0583090379008737
"134","burien",2003,741,39941,0.0185523647379885,-0.125384802330984,189950,0.0465564738292024
"135","burien",2004,908,43322,0.0209593278242002,0.129738883436409,220000,0.158199526191102
"136","burien",2005,924,45181,0.0204510745667427,-0.0242495017836725,250000,0.136363636363636
"137","burien",2006,954,39609,0.0240854351283799,0.177710004908369,290000,0.16
"138","burien",2007,709,31419,0.0225659632706324,-0.0630867513768559,325000,0.120689655172414
"139","burien",2008,414,20255,0.0204393976795853,-0.0942377493725103,289750,-0.108461538461538
"140","burien",2009,371,19232,0.019290765391015,-0.0561969734420092,250000,-0.13718723037101
"141","burien",2010,412,20732,0.0198726606212618,0.0301644449275127,225000,-0.0999999999999989
"142","burien",2011,504,21948,0.0229633679606342,0.155525593591915,189950,-0.155777777777778
"143","burien",2012,639,28077,0.0227588417565979,-0.00890662921862817,2e+05,0.0529086601737296
"144","burien",2013,774,33382,0.0231861482235936,0.0187754048103852,231882.5,0.1594125
"145","burien",2014,723,31845,0.022703721149317,-0.0208066932732556,247500,0.0673509212640018
"146","burien",2015,794,34417,0.0230699944794724,0.0161327443966766,285000,0.151515151515152
"147","burien",2016,805,33824,0.0237996688741722,0.0316287199526251,335000,0.175438596491228
"148","carnation",1996,130,27516,0.0047245239133595,-0.0337934165257594,155000,-0.0476190476190478
"149","carnation",1997,210,31821,0.00659941548034317,0.396842433516327,180350,0.163548387096773
"150","carnation",1998,232,34021,0.00681931748037977,0.0333214359198308,196875,0.0916273911838108
"151","carnation",1999,153,33331,0.00459032132249257,-0.326864992618448,260000,0.320634920634921
"152","carnation",2000,163,31196,0.00522502884985255,0.138270827414608,245000,-0.0576923076923088
"153","carnation",2001,159,30855,0.00515313563441906,-0.0137593910960923,234000,-0.0448979591836728
"154","carnation",2002,140,33613,0.00416505518698123,-0.19174353588487,242750,0.0373931623931623
"155","carnation",2003,178,39941,0.0044565734458326,0.0699914516769384,259975,0.0709577754891868
"156","carnation",2004,192,43322,0.00443192835049167,-0.00553005479220414,296000,0.138571016443888
"157","carnation",2005,195,45181,0.00431597352869569,-0.0261635145304441,335000,0.131756756756757
"158","carnation",2006,166,39609,0.00419096669948749,-0.0289637617972094,358475,0.0700746268656713
"159","carnation",2007,127,31419,0.0040421401063051,-0.0355112802973568,359950,0.00411465234674657
"160","carnation",2008,80,20255,0.00394964206368798,-0.0228834330786403,334500,-0.0707042644811779
"161","carnation",2009,72,19232,0.00374376039933444,-0.0521266638935107,329999,-0.0134559043348278
"162","carnation",2010,75,20732,0.00361759598688019,-0.033699916393338,336200,0.0187909660332317
"163","carnation",2011,77,21948,0.00350829232731912,-0.0302144462669333,270000,-0.196906603212375
"164","carnation",2012,132,28077,0.00470135698258361,0.340069909788896,290276.5,0.075098148148149
"165","carnation",2013,150,33382,0.00449343957821581,-0.0442249769881423,372500,0.283259237313389
"166","carnation",2014,174,31845,0.00546396608572774,0.215987439158424,401350,0.0774496644295306
"167","carnation",2015,161,34417,0.00467792079495598,-0.143859840716246,415000,0.0340102155226103
"168","carnation",2016,175,33824,0.00517384105960265,0.106012967381021,535000,0.289156626506024
"169","clyde hill",1996,62,27516,0.00225323448175607,0.0300374256404115,420000,-0.00709219858155907
"170","clyde hill",1997,75,31821,0.00235693410012256,0.0460225596608448,489000,0.164285714285714
"171","clyde hill",1998,81,34021,0.00238088239616707,0.0101607830457662,566500,0.158486707566462
"172","clyde hill",1999,88,33331,0.00264018481293691,0.108910216307734,622500,0.0988526037069732
"173","clyde hill",2000,55,31196,0.00176304654442877,-0.332226086677779,675000,0.0843373493975899
"174","clyde hill",2001,51,30855,0.00165289256198347,-0.0624793388429755,725000,0.0740740740740746
"175","clyde hill",2002,57,33613,0.00169577246898521,0.0259423437360551,740000,0.0206896551724136
"176","clyde hill",2003,86,39941,0.00215317593450339,0.26973162607829,747500,0.0101351351351349
"177","clyde hill",2004,82,43322,0.00189280273302248,-0.120925186515687,884375,0.183110367892976
"178","clyde hill",2005,101,45181,0.00223545295588854,0.181027962865893,1050000,0.187279151943463
"179","clyde hill",2006,94,39609,0.00237319801055316,0.0616184090574479,1339000,0.275238095238095
"180","clyde hill",2007,69,31419,0.00219612336484293,-0.0746143578929406,1645000,0.228528752800598
"181","clyde hill",2008,30,20255,0.00148111577388299,-0.32557715217928,1649500,0.00273556231003069
"182","clyde hill",2009,61,19232,0.00317179700499168,1.14149161120355,1320000,-0.199757502273416
"183","clyde hill",2010,63,20732,0.00303878062897936,-0.0419372285814594,1e+06,-0.242424242424243
"184","clyde hill",2011,61,21948,0.00277929651904502,-0.0853908661453765,1050000,0.0500000000000003
"185","clyde hill",2012,72,28077,0.0025643765359547,-0.0773289145715792,1240000,0.180952380952382
"186","clyde hill",2013,96,33382,0.00287580133005812,0.121442693667245,1465000,0.181451612903226
"187","clyde hill",2014,64,31845,0.0020097346522217,-0.301156644161825,1616000,0.103071672354948
"188","clyde hill",2015,89,34417,0.00258593137112473,0.286702883022925,1800000,0.113861386138614
"189","clyde hill",2016,102,33824,0.00301561021759697,0.16616018942736,2075000,0.152777777777779
"190","covington",1996,397,27516,0.0144279691815671,-0.085941104622133,133000,0.0488958990536272
"191","covington",1997,552,31821,0.017347034976902,0.202319935577926,146000,0.0977443609022557
"192","covington",1998,506,34021,0.0148731665735869,-0.142610446488933,147650,0.0113013698630149
"193","covington",1999,448,33331,0.0134409408658606,-0.0962959502026798,148450,0.00541821876058246
"194","covington",2000,510,31196,0.0163482497756123,0.216302484979759,189975,0.279723812731558
"195","covington",2001,721,30855,0.0233673634743153,0.429349550872042,234950,0.236741676536386
"196","covington",2002,671,33613,0.0199625145033172,-0.145709590846253,234500,-0.00191530112789895
"197","covington",2003,981,39941,0.0245612278110213,0.230367437275496,288875,0.2318763326226
"198","covington",2004,951,43322,0.021951895111029,-0.106237877034036,257680,-0.107987884032886
"199","covington",2005,709,45181,0.0156924370863859,-0.285144311822914,267000,0.0361688916485572
"200","covington",2006,686,39609,0.0173192961195688,0.103671534525017,298000,0.116104868913858
"201","covington",2007,472,31419,0.0150227569305197,-0.132600030231841,326000,0.093959731543624
"202","covington",2008,284,20255,0.0140212293260923,-0.0666673639904775,305976,-0.0614233128834357
"203","covington",2009,262,19232,0.0136231281198003,-0.028392746244522,235000,-0.23196590582268
"204","covington",2010,321,20732,0.0154833108238472,0.136545930397821,265000,0.127659574468085
"205","covington",2011,310,21948,0.0141242937853107,-0.0877730256789336,225000,-0.150943396226414
"206","covington",2012,459,28077,0.0163479004167112,0.157431349503152,234995,0.0444222222222215
"207","covington",2013,553,33382,0.0165658139116889,0.0133297542450763,255000,0.0851294708398045
"208","covington",2014,415,31845,0.0130318731355001,-0.213327325480536,237950,-0.0668627450980389
"209","covington",2015,507,34417,0.0147310921928117,0.130389472000213,280500,0.17881907963858
"210","covington",2016,512,33824,0.0151371807000946,0.0275667616472506,325000,0.158645276292334
"211","des moines",1996,403,27516,0.0146460241314144,-0.0645002558909681,132250,0.0580000000000003
"212","des moines",1997,495,31821,0.0155557650608089,0.0621152144248578,134000,0.0132325141776946
"213","des moines",1998,534,34021,0.0156961876488051,0.00902704479318905,147500,0.100746268656716
"214","des moines",1999,555,33331,0.0166511655815907,0.0608413937290222,160000,0.0847457627118637
"215","des moines",2000,475,31196,0.0152263110655212,-0.0855708574326352,172000,0.075
"216","des moines",2001,436,30855,0.0141306109220548,-0.0719609719485879,175750,0.0218023255813966
"217","des moines",2002,483,33613,0.0143694403950852,0.0169015674090707,189990,0.0810241820768125
"218","des moines",2003,507,39941,0.0126937232417816,-0.116616730173901,197900,0.0416337701984322
"219","des moines",2004,618,43322,0.0142652693781451,0.123804978762311,219987.5,0.111609398686206
"220","des moines",2005,630,45181,0.0139439144773245,-0.0225270825458681,258000,0.172793908744815
"221","des moines",2006,564,39609,0.0142391880633189,0.0211758029981162,293000,0.135658914728681
"222","des moines",2007,402,31419,0.012794805690824,-0.101437130127928,310000,0.0580204778157005
"223","des moines",2008,311,20255,0.015354233522587,0.200036475239207,279000,-0.1
"224","des moines",2009,270,19232,0.0140391014975042,-0.085652730443901,250000,-0.103942652329749
"225","des moines",2010,238,20732,0.0114798379316998,-0.18229539591685,238750,-0.0449999999999988
"226","des moines",2011,253,21948,0.0115272462183342,0.00412969999372081,198000,-0.170680628272251
"227","des moines",2012,335,28077,0.0119314741603448,0.0350671734041379,182500,-0.0782828282828284
"228","des moines",2013,467,33382,0.0139895752201785,0.172493443155083,220000,0.205479452054793
"229","des moines",2014,498,31845,0.0156382477626001,0.11785007882466,253000,0.150000000000001
"230","des moines",2015,502,34417,0.0145858151494901,-0.0672986276395355,282750,0.117588932806323
"231","des moines",2016,487,33824,0.0143980605487228,-0.012872410547026,320000,0.131741821396994
"232","duvall",1996,193,27516,0.0070141008867568,-0.161401291928985,174950,0.0934375000000016
"233","duvall",1997,322,31821,0.0101191037365262,0.442680095410647,216000,0.234638468133751
"234","duvall",1998,377,34021,0.0110813909056171,0.0950960869802551,213000,-0.0138888888888888
"235","duvall",1999,355,33331,0.0106507455521887,-0.0388620306869757,255000,0.197183098591548
"236","duvall",2000,328,31196,0.0105141684831389,-0.0128232402492913,247250,-0.0303921568627437
"237","duvall",2001,351,30855,0.0113757899854157,0.0819486109299592,249900,0.0107178968655193
"238","duvall",2002,332,33613,0.00987713087198405,-0.131741102407214,281000,0.124449779911965
"239","duvall",2003,368,39941,0.00921359004531684,-0.0671795114661595,3e+05,0.0676156583629897
"240","duvall",2004,354,43322,0.00817136789621901,-0.113117920807382,305000,0.0166666666666671
"241","duvall",2005,412,45181,0.00911887740421859,0.115954821767112,367457.5,0.20477868852459
"242","duvall",2006,345,39609,0.00871014163447701,-0.044823035953141,399500,0.08720056060905
"243","duvall",2007,255,31419,0.008116108087463,-0.0682002167063127,475000,0.188986232790989
"244","duvall",2008,153,20255,0.00755369044680326,-0.069296470007406,421000,-0.113684210526316
"245","duvall",2009,203,19232,0.0105553244592346,0.397373182495406,420000,-0.00237529691211291
"246","duvall",2010,128,20732,0.00617403048427552,-0.415079042987258,364567.5,-0.131982142857143
"247","duvall",2011,271,21948,0.0123473665026426,0.999887518224896,333594,-0.0849595753872733
"248","duvall",2012,298,28077,0.0106136695515903,-0.14041026081807,313054,-0.0615718508126648
"249","duvall",2013,298,33382,0.00892696662872207,-0.158917979749565,385000,0.229819775501989
"250","duvall",2014,227,31845,0.00712827759459884,-0.201489387037254,384950,-0.000129870129868759
"251","duvall",2015,295,34417,0.00857134555597524,0.202442727885603,435000,0.130016885309781
"252","duvall",2016,295,33824,0.00872161778618732,0.0175319299905388,460000,0.0574712643678144
"253","enumclaw",1996,335,27516,0.012174734699811,-0.118503836051571,130000,-0.0276738967838446
"254","enumclaw",1997,388,31821,0.012193205744634,0.00151716199806096,136700,0.0515384615384611
"255","enumclaw",1998,454,34021,0.0133446988624673,0.0944372744911646,149700,0.0950987564008787
"256","enumclaw",1999,437,33331,0.0131109177642435,-0.0175186492129336,160933,0.0750367401469603
"257","enumclaw",2000,401,31196,0.0128542120784716,-0.0195795359552937,167500,0.0408058011719152
"258","enumclaw",2001,435,30855,0.0140982012639767,0.096776774640938,174950,0.0444776119402999
"259","enumclaw",2002,416,33613,0.0123761639841728,-0.122145885674365,181000,0.0345813089454112
"260","enumclaw",2003,453,39941,0.0113417290503493,-0.0835828399774285,187000,0.0331491712707199
"261","enumclaw",2004,498,43322,0.0114953141590878,0.0135415956470739,210000,0.122994652406417
"262","enumclaw",2005,494,45181,0.0109337996060291,-0.0488472559590527,245000,0.166666666666665
"263","enumclaw",2006,490,39609,0.012370925799692,0.131438863473449,289950,0.183469387755103
"264","enumclaw",2007,390,31419,0.0124128711925905,0.0033906429945223,3e+05,0.0346611484738746
"265","enumclaw",2008,220,20255,0.0108615156751419,-0.124979587186449,280002.5,-0.0666583333333335
"266","enumclaw",2009,204,19232,0.0106073211314476,-0.0234032294660417,236000,-0.15715038258587
"267","enumclaw",2010,217,20732,0.0104669110553733,-0.0132370910934314,240300,0.0182203389830518
"268","enumclaw",2011,218,21948,0.00993256788773465,-0.0510507030022367,225000,-0.0636704119850184
"269","enumclaw",2012,266,28077,0.00947394664672152,-0.046173481641083,225000,0
"270","enumclaw",2013,312,33382,0.00934635432268888,-0.0134677055709195,230978.5,0.0265711111111104
"271","enumclaw",2014,405,31845,0.0127178520960904,0.360728649588753,250000,0.0823518206239966
"272","enumclaw",2015,481,34417,0.0139756515675393,0.0989003065883678,291637,0.166548000000001
"273","enumclaw",2016,460,33824,0.0135998107852412,-0.0268925409653887,320000,0.0972544635968677
"274","federal way",1996,1263,27516,0.0459005669428696,0.0563927124442862,139500,0.0333333333333319
"275","federal way",1997,1506,31821,0.047327236730461,0.0310817465363145,146000,0.0465949820788534
"276","federal way",1998,1474,34021,0.0433261808882749,-0.084540237685395,152050,0.0414383561643847
"277","federal way",1999,1431,33331,0.0429330053103717,-0.00907478041780441,162000,0.0654390003288376
"278","federal way",2000,1372,31196,0.0439799974355687,0.024386648864388,173000,0.0679012345679011
"279","federal way",2001,1236,30855,0.0400583373845406,-0.0891691741631718,182000,0.0520231213872835
"280","federal way",2002,1405,33613,0.0417993038407759,0.0434607767048061,193000,0.0604395604395607
"281","federal way",2003,1534,39941,0.0384066498084675,-0.0811653238348629,204950,0.0619170984455966
"282","federal way",2004,1670,43322,0.038548543465214,0.0036945075254966,229500,0.119785313491096
"283","federal way",2005,1960,45181,0.0433810672627875,0.125362033508071,270000,0.176470588235292
"284","federal way",2006,1604,39609,0.0404958469034815,-0.0665087454356128,302880,0.121777777777778
"285","federal way",2007,1126,31419,0.0358381870842484,-0.115015740511226,316337.5,0.0444317881669309
"286","federal way",2008,686,20255,0.0338681806961244,-0.0549694766505036,291500,-0.0785158256608838
"287","federal way",2009,636,19232,0.0330698835274542,-0.0235707130487092,240000,-0.176672384219554
"288","federal way",2010,651,20732,0.03140073316612,-0.0504734272785847,245000,0.0208333333333321
"289","federal way",2011,734,21948,0.0334426827045744,0.06502872170697,205000,-0.163265306122448
"290","federal way",2012,975,28077,0.0347259322577198,0.0383716092539985,195000,-0.0487804878048783
"291","federal way",2013,1192,33382,0.0357078665148883,0.0282766852702747,227916,0.168800000000001
"292","federal way",2014,1163,31845,0.0365206468833412,0.0227619414930329,246000,0.0793450218501555
"293","federal way",2015,1281,34417,0.0372199784989976,0.0191489383495946,277500,0.128048780487804
"294","federal way",2016,1374,33824,0.0406220435193945,0.0914042715121002,305000,0.0990990990990996
"295","hunts point",1996,5,27516,0.000181712458206135,-0.674119673029398,1130000,1.4366576819407
"296","hunts point",1997,15,31821,0.000471386820024512,1.59413594795889,970000,-0.141592920353981
"297","hunts point",1998,11,34021,0.000323329708121454,-0.314088357191147,2450000,1.52577319587629
"298","hunts point",1999,14,33331,0.000420029402058144,0.299074571583647,959722,-0.608276734693878
"299","hunts point",2000,12,31196,0.000384664700602641,-0.0841957760152398,1504500,0.567641462840279
"300","hunts point",2001,14,30855,0.000453735213093502,0.179560308972074,952500,-0.366899302093718
"301","hunts point",2002,8,33613,0.000238003153541784,-0.47545804981916,608500,-0.361154855643045
"302","hunts point",2003,13,39941,0.000325480083122606,0.367545254250018,1e+06,0.643385373870173
"303","hunts point",2004,6,43322,0.000138497760952865,-0.574481609983203,610000,-0.39
"304","hunts point",2005,24,45181,0.000531196741993316,2.83541754277241,1457500,1.38934426229508
"305","hunts point",2006,18,39609,0.000454442172233583,-0.14449367567977,1963750,0.347341337907377
"306","hunts point",2007,12,31419,0.000381934498233553,-0.159553136637067,3500000,0.782304264799489
"307","hunts point",2008,4,20255,0.000197482103184399,-0.482942483337448,1748000,-0.500571428571428
"308","hunts point",2010,7,20732,0.000337642292108817,0.709736156666025,5400000,2.08924485125858
"309","hunts point",2011,7,21948,0.00031893566611992,-0.0554036814288317,1600000,-0.703703703703704
"310","hunts point",2012,11,28077,0.000391779748548634,0.228397417306489,4425000,1.765625
"311","hunts point",2013,9,33382,0.000269606374692948,-0.311841983431463,3600000,-0.186440677966103
"312","hunts point",2014,16,31845,0.000502433663055425,0.863582282235131,729500,-0.797361111111111
"313","hunts point",2015,20,34417,0.000581108173286457,0.156586861144203,1600000,1.1932830705963
"314","hunts point",2016,11,33824,0.000325212866603595,-0.440357438505203,3450000,1.15625
"315","issaquah",1996,399,27516,0.0145006541648495,-0.0609215244463827,228500,0.0411208565895884
"316","issaquah",1997,517,31821,0.0162471323968448,0.120441340931286,248000,0.0853391684901521
"317","issaquah",1998,510,34021,0.0149907410129038,-0.0773300391264763,273625,0.103326612903226
"318","issaquah",1999,581,33331,0.017431220185413,0.16279910181948,314000,0.147555961626313
"319","issaquah",2000,471,31196,0.0150980894986537,-0.133847812255378,317000,0.00955414012738842
"320","issaquah",2001,517,30855,0.0167557932263815,0.109795595520586,339950,0.0723974763406938
"321","issaquah",2002,669,33613,0.0199030137149317,0.187828797242202,408000,0.200176496543611
"322","issaquah",2003,1016,39941,0.0254375203425052,0.278073798613792,450000,0.102941176470589
"323","issaquah",2004,1431,43322,0.0330317159872582,0.298543078983346,455000,0.0111111111111108
"324","issaquah",2005,1443,45181,0.0319382041123481,-0.0331049066700598,458900,0.00857142857142779
"325","issaquah",2006,1196,39609,0.030195157666187,-0.0545755935440095,574074.5,0.250979516234474
"326","issaquah",2007,782,31419,0.0248893981348865,-0.175715576317123,616000,0.0730314619443995
"327","issaquah",2008,521,20255,0.025722043939768,0.0334538344546924,570000,-0.0746753246753249
"328","issaquah",2009,450,19232,0.0233985024958403,-0.0903326908766897,489900,-0.140526315789473
"329","issaquah",2010,508,20732,0.0245031834844685,0.0472116106073273,504997.5,0.0308175137783211
"330","issaquah",2011,560,21948,0.0255148532895936,0.0412872803146733,498500,-0.0128664003287147
"331","issaquah",2012,774,28077,0.027567047761513,0.0804313647672983,460000,-0.0772316950852562
"332","issaquah",2013,973,33382,0.0291474447306932,0.0573292063354944,519000,0.128260869565219
"333","issaquah",2014,798,31845,0.0250588789448893,-0.140271842817785,545000,0.0500963391136802
"334","issaquah",2015,787,34417,0.0228666066188221,-0.0874848524105397,605000,0.110091743119265
"335","issaquah",2016,772,33824,0.0228240302743614,-0.00186194415159269,663150,0.0961157024793404
"336","kenmore",1996,311,27516,0.0113025149004216,0.11655437452724,172000,0.0424242424242416
"337","kenmore",1997,367,31821,0.0115332641965997,0.0204157480181284,179000,0.0406976744186049
"338","kenmore",1998,369,34021,0.0108462420269833,-0.059568753295268,202500,0.131284916201118
"339","kenmore",1999,371,33331,0.0111307791545408,0.0262337062781395,215000,0.0617283950617284
"340","kenmore",2000,339,31196,0.0108667777920246,-0.0237181385822843,241000,0.120930232558139
"341","kenmore",2001,316,30855,0.0102414519526819,-0.0575447341714911,240000,-0.00414937759335998
"342","kenmore",2002,396,33613,0.0117811561003183,0.150340416061146,281500,0.172916666666666
"343","kenmore",2003,508,39941,0.0127187601712526,0.0795850647381648,297725,0.0576376554174061
"344","kenmore",2004,553,43322,0.0127648769678224,0.00362588773974926,328800,0.10437484255605
"345","kenmore",2005,575,45181,0.0127265886102565,-0.00299950854695619,384300,0.168795620437957
"346","kenmore",2006,491,39609,0.0123961725870383,-0.0259626545130826,430000,0.118917512360135
"347","kenmore",2007,333,31419,0.0105986823259811,-0.145003649185774,470000,0.0930232558139528
"348","kenmore",2008,262,20255,0.0129350777585781,0.220442066356655,509975,0.0850531914893624
"349","kenmore",2009,304,19232,0.0158069883527454,0.222024996507094,397500,-0.220550026962106
"350","kenmore",2010,374,20732,0.0180397453212425,0.141251256638607,377825,-0.0494968553459131
"351","kenmore",2011,265,21948,0.0120739930745398,-0.330700469461606,345000,-0.086878846026599
"352","kenmore",2012,339,28077,0.0120739395234534,-4.43524243642912e-06,375000,0.0869565217391308
"353","kenmore",2013,387,33382,0.0115930741117968,-0.0398267202450794,415000,0.106666666666665
"354","kenmore",2014,453,31845,0.0142251530852567,0.227038915483306,455000,0.0963855421686759
"355","kenmore",2015,520,34417,0.0151088125054479,0.0621195016246978,515000,0.131868131868132
"356","kenmore",2016,507,33824,0.0149893566698202,-0.00790636825922431,558600,0.0846601941747565
"357","kent",1996,1709,27516,0.0621093182148568,-0.00616565211999209,147500,0.0498220640569402
"358","kent",1997,1924,31821,0.0604632161151441,-0.0265033033210619,159000,0.0779661016949149
"359","kent",1998,2100,34021,0.0617265806413686,0.0208947622603892,169500,0.0660377358490563
"360","kent",1999,2031,33331,0.0609342653985779,-0.0128358842261818,183000,0.0796460176991158
"361","kent",2000,1792,31196,0.0574432619566611,-0.0572913026698809,194950,0.065300546448088
"362","kent",2001,1921,30855,0.0622589531680441,0.0838338744588742,210000,0.0771992818671452
"363","kent",2002,1828,33613,0.0543837205842977,-0.126491567606191,214975,0.0236904761904753
"364","kent",2003,2175,39941,0.0544553215993591,0.00131658912431987,222500,0.0350040702407266
"365","kent",2004,2476,43322,0.0571534093532155,0.0495468151617371,248250,0.115730337078652
"366","kent",2005,2647,45181,0.0585865740023461,0.0250757507793369,282000,0.135951661631419
"367","kent",2006,2722,39609,0.0687217551566563,0.172994945120095,334330,0.185567375886524
"368","kent",2007,1906,31419,0.0606639294694293,-0.11725290876024,358000,0.0707983130439991
"369","kent",2008,1259,20255,0.0621574919772896,0.0246202730506091,317118,-0.114195530726256
"370","kent",2009,1162,19232,0.0604201331114809,-0.0279509164630301,264975,-0.164427752445462
"371","kent",2010,1277,20732,0.06159560100328,0.0194549040405163,261784,-0.0120426455325982
"372","kent",2011,1321,21948,0.0601877164206306,-0.0228569014624016,248200,-0.0518901078751952
"373","kent",2012,1611,28077,0.0573779249919863,-0.04668380187425,226506,-0.0874053182917006
"374","kent",2013,1728,33382,0.0517644239410461,-0.0978338106810983,250000,0.103723521672715
"375","kent",2014,1657,31845,0.0520332862301774,0.00519395887487417,269000,0.0760000000000014
"376","kent",2015,1866,34417,0.0542173925676265,0.0419751758093332,306000,0.137546468401486
"377","kent",2016,1935,33824,0.0572078997161779,0.0551577087522472,340000,0.111111111111112
"378","kirkland",1996,1298,27516,0.0471725541503125,-0.0301755489767311,175000,0.0310796877301514
"379","kirkland",1997,1477,31821,0.0464158888784136,-0.016040371048976,189990,0.0856571428571422
"380","kirkland",1998,1582,34021,0.046500690749831,0.00182700091426691,220500,0.160587399336809
"381","kirkland",1999,1582,33331,0.0474633224325703,0.020701449101437,249950,0.133560090702948
"382","kirkland",2000,1504,31196,0.0482113091421977,0.0157592572810314,254250,0.0172034406881374
"383","kirkland",2001,1502,30855,0.0486793064333171,0.00970720976978789,269950,0.0617502458210413
"384","kirkland",2002,1461,33613,0.0434653259155684,-0.107108767560012,285000,0.0557510650120399
"385","kirkland",2003,1743,39941,0.0436393680679002,0.00400416075724008,307000,0.0771929824561397
"386","kirkland",2004,1850,43322,0.0427034762937999,-0.0214460432296828,345950,0.126872964169381
"387","kirkland",2005,1934,45181,0.042805604125628,0.00239155780024713,4e+05,0.156236450354099
"388","kirkland",2006,1677,39609,0.0423388623797622,-0.0109037532678204,479950,0.199875000000001
"389","kirkland",2007,1282,31419,0.0408033355612846,-0.0362675502403573,515000,0.0730284404625481
"390","kirkland",2008,784,20255,0.0387064922241422,-0.0513890177922595,495000,-0.0388349514563118
"391","kirkland",2009,819,19232,0.0425852745424293,0.10021012226646,410000,-0.171717171717171
"392","kirkland",2010,830,20732,0.040034728921474,-0.0598926659123454,440250,0.0737804878048771
"393","kirkland",2011,952,21948,0.0433752505923091,0.0834405967225931,417000,-0.0528109028960805
"394","kirkland",2012,1246,28077,0.0443779606083271,0.0231171002432384,420000,0.00719424460431628
"395","kirkland",2013,1496,33382,0.044814570726739,0.00983844485926944,475000,0.13095238095238
"396","kirkland",2014,1427,31845,0.0448108023237557,-8.4088789028991e-05,518000,0.0905263157894733
"397","kirkland",2015,1562,34417,0.0453845483336723,0.0128037432976842,582750,0.125
"398","kirkland",2016,1598,33824,0.0472445600756859,0.040983370118362,660000,0.132561132561133
"399","lake forest park",1996,187,27516,0.00679604593690943,-0.119761027927186,182000,0.0127991096271554
"400","lake forest park",1997,241,31821,0.00757361490839383,0.114414908124944,187000,0.0274725274725287
"401","lake forest park",1998,273,34021,0.00802445548337791,0.0595277922679192,234000,0.251336898395721
"402","lake forest park",1999,227,33331,0.00681047673337134,-0.151284875655581,249950,0.0681623931623938
"403","lake forest park",2000,219,31196,0.00702013078599821,0.0307840494630227,250000,0.000200040008000224
"404","lake forest park",2001,215,30855,0.00696807648679306,-0.00741500419179719,271000,0.0840000000000005
"405","lake forest park",2002,246,33613,0.00731859697140987,0.0503037653621003,269975,-0.00378228782287826
"406","lake forest park",2003,255,39941,0.00638441701509727,-0.127644678339575,310000,0.148254468006297
"407","lake forest park",2004,320,43322,0.00738654725081945,0.156965034294037,345975,0.116048387096774
"408","lake forest park",2005,269,45181,0.00595383014984175,-0.193963032026737,380000,0.0983452561601283
"409","lake forest park",2006,235,39609,0.00593299502638289,-0.00349944874719166,439950,0.157763157894736
"410","lake forest park",2007,205,31419,0.0065247143448232,0.0997336616344764,480000,0.0910330719399934
"411","lake forest park",2008,121,20255,0.00597383362132807,-0.0844298607389923,425000,-0.114583333333335
"412","lake forest park",2009,109,19232,0.00566763727121464,-0.0512562567896481,410000,-0.0352941176470579
"413","lake forest park",2010,140,20732,0.00675284584217635,0.19147459850216,371375,-0.0942073170731714
"414","lake forest park",2011,157,21948,0.00715327136868963,0.0592973001119532,350000,-0.0575563783237959
"415","lake forest park",2012,208,28077,0.0074081988816469,0.0356378920661542,371500,0.0614285714285707
"416","lake forest park",2013,260,33382,0.00778862860224073,0.0513525253130425,415000,0.117092866756393
"417","lake forest park",2014,234,31845,0.00734809232218559,-0.0565614696184644,450000,0.0843373493975919
"418","lake forest park",2015,271,34417,0.0078740157480315,0.0715727841712097,5e+05,0.11111111111111
"419","lake forest park",2016,250,33824,0.00739120151371807,-0.0613174077578053,532500,0.0649999999999997
"420","maple valley",1996,826,27516,0.0300188980956534,0.00554682500296599,157000,-0.0335487842413061
"421","maple valley",1997,678,31821,0.0213066842651079,-0.29022430479575,158472.5,0.00937898089172085
"422","maple valley",1998,670,34021,0.0196937185855795,-0.0757023316936206,181950,0.148148732429917
"423","maple valley",1999,751,33331,0.0225315772104047,0.144099683992805,191500,0.0524869469634508
"424","maple valley",2000,657,31196,0.0210603923579946,-0.0652943572778716,205000,0.0704960835509136
"425","maple valley",2001,794,30855,0.0257332685140172,0.22187982429723,237000,0.15609756097561
"426","maple valley",2002,1049,33613,0.0312081635081665,0.212755522726041,253900,0.0713080168776363
"427","maple valley",2003,1439,39941,0.0360281415087254,0.154446063424962,260000,0.0240252067743219
"428","maple valley",2004,1406,43322,0.0324546419832879,-0.0991863408933261,275000,0.0576923076923073
"429","maple valley",2005,2015,45181,0.0445983931298555,0.374176093294167,379900,0.381454545454546
"430","maple valley",2006,1331,39609,0.0336034739579389,-0.246531733551546,379950,0.000131613582520895
"431","maple valley",2007,875,31419,0.0278493904961966,-0.171234779741661,370000,-0.0261876562705615
"432","maple valley",2008,591,20255,0.0291779807454949,0.0477062594773776,360000,-0.0270270270270274
"433","maple valley",2009,487,19232,0.0253223793677205,-0.132140788336416,300400,-0.165555555555556
"434","maple valley",2010,724,20732,0.0349218599266834,0.379090780513296,330000,0.0985352862849544
"435","maple valley",2011,666,21948,0.0303444505194095,-0.131075762198345,280000,-0.151515151515152
"436","maple valley",2012,805,28077,0.0286711543256046,-0.0551434006931387,273000,-0.0249999999999988
"437","maple valley",2013,821,33382,0.0245940926247678,-0.142200821583097,293214,0.0740439560439554
"438","maple valley",2014,890,31845,0.027947872507458,0.136365261929309,336750,0.148478585606417
"439","maple valley",2015,907,34417,0.0263532556585408,-0.0570568242177156,360000,0.0690423162583516
"440","maple valley",2016,927,33824,0.0274065752128666,0.0399692382593495,385950,0.0720833333333326
"441","medina",1996,63,27516,0.0022895769733973,-0.315651313361736,550000,0.459854014598539
"442","medina",1997,79,31821,0.0024826372521291,0.0843213750727663,510000,-0.0727272727272734
"443","medina",1998,80,34021,0.00235148878633785,-0.0528262699992819,615000,0.205882352941176
"444","medina",1999,89,33331,0.00267018691308392,0.135530362125349,725000,0.178861788617888
"445","medina",2000,75,31196,0.00240415437876651,-0.0996306786666686,736000,0.0151724137931031
"446","medina",2001,59,30855,0.00191216982660833,-0.204639334521687,890000,0.209239130434783
"447","medina",2002,63,33613,0.00187427483414155,-0.0198177964841089,780000,-0.123595505617978
"448","medina",2003,84,39941,0.00210310207556145,0.122088413743605,815000,0.0448717948717947
"449","medina",2004,87,43322,0.00200821753381654,-0.0451164700218297,875000,0.0736196319018401
"450","medina",2005,95,45181,0.00210265377039021,0.0470249039177542,1350000,0.542857142857144
"451","medina",2006,80,39609,0.00201974298770481,-0.0394314955000928,1300000,-0.0370370370370374
"452","medina",2007,65,31419,0.00206881186543175,0.0242946147235754,2140000,0.646153846153846
"453","medina",2008,37,20255,0.00182670945445569,-0.117024856160872,1606000,-0.249532710280374
"454","medina",2009,47,19232,0.00244384359400998,0.337839243153303,1500000,-0.0660024906600242
"455","medina",2010,44,20732,0.00212232297896971,-0.13156349932882,1200000,-0.200000000000001
"456","medina",2011,75,21948,0.00341716785128486,0.610107361200854,1320000,0.100000000000001
"457","medina",2012,65,28077,0.00231506215051466,-0.322520212273391,1450000,0.0984848484848486
"458","medina",2013,85,33382,0.00254628242765562,0.0998764880197989,1600000,0.103448275862069
"459","medina",2014,86,31845,0.00270058093892291,0.0605975635661706,2050000,0.281249999999998
"460","medina",2015,79,34417,0.00229537728448151,-0.150043143903331,2e+06,-0.0243902439024388
"461","medina",2016,78,33824,0.00230605487228004,0.00465177897800118,1857500,-0.071249999999999
"462","mercer island",1996,375,27516,0.0136284343654601,-0.0709552081978458,335000,0.00299401197604809
"463","mercer island",1997,406,31821,0.0127588699286635,-0.0638051601143902,400500,0.195522388059702
"464","mercer island",1998,449,34021,0.0131977308133212,0.0343965325386535,437500,0.0923845193508106
"465","mercer island",1999,494,33331,0.0148210374726231,0.12299892172853,539975,0.234228571428573
"466","mercer island",2000,392,31196,0.0125657135530196,-0.152170448510735,582500,0.0787536460021285
"467","mercer island",2001,313,30855,0.0101442229784476,-0.192706173378443,565000,-0.0300429184549358
"468","mercer island",2002,378,33613,0.0112456490048493,0.108576677458867,580000,0.0265486725663722
"469","mercer island",2003,412,39941,0.0103152149420395,-0.0827372490826083,591000,0.0189655172413796
"470","mercer island",2004,523,43322,0.012072388163058,0.170347707817235,652000,0.103214890016921
"471","mercer island",2005,509,45181,0.0112657975697749,-0.0668128445166565,779500,0.195552147239263
"472","mercer island",2006,450,39609,0.0113610543058396,0.00845539212600843,858250,0.101026298909558
"473","mercer island",2007,405,31419,0.0128902893153824,0.13460326553996,950000,0.106903582872123
"474","mercer island",2008,251,20255,0.012392001974821,-0.0386560245755504,975000,0.0263157894736852
"475","mercer island",2009,223,19232,0.0115952579034942,-0.0642950245606598,760000,-0.220512820512821
"476","mercer island",2010,270,20732,0.0130233455527687,0.123161352784068,816588.5,0.0744585526315784
"477","mercer island",2011,338,21948,0.0154000364497904,0.182494650655759,782400,-0.0418674767033834
"478","mercer island",2012,400,28077,0.0142465363108594,-0.074902429139815,811000,0.0365541922290396
"479","mercer island",2013,466,33382,0.0139596189563238,-0.0201394464082436,889875,0.0972564734895196
"480","mercer island",2014,488,31845,0.0153242267231905,0.0977539409303507,995000,0.118134569462003
"481","mercer island",2015,476,34417,0.0138303745242177,-0.0974830395005893,1100000,0.105527638190954
"482","mercer island",2016,396,33824,0.0117076631977294,-0.15348183975577,1222500,0.111363636363635
"483","milton",1996,28,27516,0.00101758976595435,0.0783676274299911,127450,0.0511340206185555
"484","milton",1997,24,31821,0.000754218912039219,-0.258818300583173,141173.5,0.107677520596312
"485","milton",1998,33,34021,0.000969989124364363,0.286084330266601,153000,0.0837728043860926
"486","milton",1999,28,33331,0.000840058804116288,-0.133950285610902,154797,0.011745098039216
"487","milton",2000,24,31196,0.000769329401205283,-0.0841957760152398,146000,-0.0568292667170555
"488","milton",2001,24,30855,0.000777831793874575,0.0110516934046341,183975,0.260102739726028
"489","milton",2002,12,33613,0.000357004730312677,-0.541025793591765,199250,0.0830275852697375
"490","milton",2003,47,39941,0.00117673568513557,2.29613471537184,224849,0.128476787954832
"491","milton",2004,47,43322,0.00108489912746411,-0.0780434882969393,250000,0.111857290892998
"492","milton",2005,33,45181,0.000730395520240809,-0.326761814300589,268000,0.0720000000000012
"493","milton",2006,21,39609,0.000530182534272514,-0.27411584603132,299000,0.115671641791044
"494","milton",2007,11,31419,0.000350106623380757,-0.339648893071981,271000,-0.0936454849498323
"495","milton",2008,8,20255,0.000394964206368798,0.128125490900115,199954,-0.262162361623616
"496","milton",2009,12,19232,0.00062396006655574,0.579788893510815,253625,0.268416735849245
"497","milton",2010,13,20732,0.000627049971059232,0.00495208695092964,235000,-0.0734351897486444
"498","milton",2011,9,21948,0.000410060142154183,-0.346048702527653,193500,-0.176595744680851
"499","milton",2012,13,28077,0.000463012430102931,0.129132979544348,2e+05,0.0335917312661504
"500","milton",2013,22,33382,0.000659037804804985,0.423369572731505,257984,0.289920000000001
"501","milton",2014,18,31845,0.000565237870937353,-0.142328608744059,246950,-0.042770094269413
"502","milton",2015,17,34417,0.000493941947293489,-0.126134371579936,299000,0.210771411216845
"503","milton",2016,11,33824,0.000325212866603595,-0.34159698647671,301500,0.00836120401337959
"504","newcastle",1996,253,27516,0.00919465038523041,0.0664879556281683,234450,0.0489932885906041
"505","newcastle",1997,265,31821,0.00832783382043305,-0.0942740102646807,279950,0.194071230539561
"506","newcastle",1998,218,34021,0.00640780694277064,-0.230555378392813,280000,0.00017860332202102
"507","newcastle",1999,204,33331,0.0061204284299901,-0.0448481852445261,341975,0.221339285714288
"508","newcastle",2000,269,31196,0.00862290037184254,0.408872021048449,390000,0.14043424226917
"509","newcastle",2001,199,30855,0.00644952195754335,-0.252047260269434,379950,-0.0257692307692308
"510","newcastle",2002,281,33613,0.00835986076815518,0.29619851256999,446950,0.176338991972628
"511","newcastle",2003,389,39941,0.00973936556420721,0.165015283664402,435000,-0.0267367714509442
"512","newcastle",2004,386,43322,0.00891002262130096,-0.0851536927573745,454250,0.0442528735632182
"513","newcastle",2005,366,45181,0.00810075031539807,-0.0908271886951421,550552.5,0.212003302146394
"514","newcastle",2006,309,39609,0.00780125729000985,-0.0369710228963531,677500,0.230582006257352
"515","newcastle",2007,225,31419,0.00716127184187912,-0.082036192928835,771800,0.139188191881919
"516","newcastle",2008,134,20255,0.00661565045667736,-0.076190570229573,596975,-0.226515936771185
"517","newcastle",2009,143,19232,0.00743552412645591,0.123929411801227,624000,0.0452699024247252
"518","newcastle",2010,179,20732,0.00863399575535404,0.161181862706076,589050,-0.0560096153846158
"519","newcastle",2011,150,21948,0.00683433570256971,-0.208438839186172,546450,-0.0723198370257201
"520","newcastle",2012,192,28077,0.00683833742921252,0.000585532642376707,550000,0.00649647726233016
"521","newcastle",2013,254,33382,0.0076088910191121,0.11268142262297,505550.5,-0.0808172727272722
"522","newcastle",2014,202,31845,0.00634322499607474,-0.16634040622454,581000,0.149242261653385
"523","newcastle",2015,248,34417,0.00720574134875207,0.135974422034702,680000,0.17039586919105
"524","newcastle",2016,248,33824,0.00733207190160833,0.0175319299905388,739975,0.088198529411764
"525","normandy park",1996,106,27516,0.00385230411397005,0.095275830647535,221450,0.0421176470588245
"526","normandy park",1997,111,31821,0.00348826246818139,-0.0944997162784993,242500,0.0950553172273658
"527","normandy park",1998,140,34021,0.00411510537609124,0.179700614167561,257750,0.0628865979381443
"528","normandy park",1999,124,33331,0.00372026041822928,-0.0959501450815845,260250,0.00969932104752602
"529","normandy park",2000,120,31196,0.00384664700602641,0.0339725109505351,315500,0.212295869356388
"530","normandy park",2001,118,30855,0.00382433965321666,-0.00579916815210846,322700,0.0228209191759108
"531","normandy park",2002,114,33613,0.00339154493797043,-0.113168482533241,334975,0.0380384257824613
"532","normandy park",2003,136,39941,0.00340502240805188,0.00397384387585675,339500,0.0135084707814008
"533","normandy park",2004,132,43322,0.00304695074096302,-0.105159856288206,382500,0.126656848306334
"534","normandy park",2005,128,45181,0.00283304929063102,-0.0702018078127504,444500,0.162091503267973
"535","normandy park",2006,117,39609,0.00295387411951829,0.04264833276528,530000,0.192350956130484
"536","normandy park",2007,110,31419,0.00350106623380757,0.185245576537471,548750,0.0353773584905672
"537","normandy park",2008,61,20255,0.00301160207356208,-0.139804313188663,5e+05,-0.0888382687927119
"538","normandy park",2009,70,19232,0.00363976705490849,0.208581667166744,460500,-0.078999999999999
"539","normandy park",2010,78,20732,0.00376229982635539,0.0336650037209558,408750,-0.112377850162867
"540","normandy park",2011,86,21948,0.0039183524694733,0.0414779922707751,416000,0.0177370030581039
"541","normandy park",2012,128,28077,0.00455889161947502,0.163471549584159,367750,-0.115985576923077
"542","normandy park",2013,109,33382,0.00326523276017015,-0.283766092130489,424000,0.152957171991843
"543","normandy park",2014,122,31845,0.00383105668079761,0.173287468976017,501000,0.181603773584905
"544","normandy park",2015,126,34417,0.00366098149170468,-0.0443938065300361,5e+05,-0.00199600798403288
"545","normandy park",2016,126,33824,0.00372516556291391,0.0175319299905397,562500,0.125
"546","north bend",1996,420,27516,0.0152638464893153,0.0374965511717118,203750,0.306089743589742
"547","north bend",1997,447,31821,0.0140473272367305,-0.0796993898907737,227568,0.116898159509203
"548","north bend",1998,446,34021,0.0131095499838335,-0.0667584115535428,215000,-0.0552274484989104
"549","north bend",1999,409,33331,0.0122708589601272,-0.0639755769450945,207500,-0.0348837209302335
"550","north bend",2000,363,31196,0.0116361071932299,-0.0517283891013547,220000,0.0602409638554218
"551","north bend",2001,314,30855,0.0101766326365257,-0.125426358873126,235750,0.0715909090909106
"552","north bend",2002,293,33613,0.00871686549846785,-0.143443041543868,245000,0.0392364793213136
"553","north bend",2003,342,39941,0.00856262987907163,-0.0176939313131916,245250,0.00102040816326587
"554","north bend",2004,407,43322,0.00939476478463598,0.0971821645121218,275000,0.121304791029562
"555","north bend",2005,389,45181,0.00860981385980833,-0.0835519507748984,325000,0.181818181818181
"556","north bend",2006,348,39609,0.00878588199651594,0.0204497030452109,369000,0.135384615384615
"557","north bend",2007,264,31419,0.00840255896113816,-0.0436294313456276,393500,0.0663956639566394
"558","north bend",2008,118,20255,0.00582572204393977,-0.306672875384305,380000,-0.0343074968233787
"559","north bend",2009,125,19232,0.0064995840266223,0.115670122535886,325000,-0.144736842105264
"560","north bend",2010,137,20732,0.00660814200270114,0.0167022959675864,345950,0.0644615384615379
"561","north bend",2011,177,21948,0.00806451612903226,0.220390864139392,282500,-0.183408006937419
"562","north bend",2012,280,28077,0.00997257541760159,0.236599351782598,320250,0.133628318584072
"563","north bend",2013,380,33382,0.0113833802648134,0.141468456054161,381450,0.191100702576113
"564","north bend",2014,383,31845,0.0120270058093892,0.0565408103395559,427000,0.11941276707301
"565","north bend",2015,377,34417,0.0109538890664497,-0.0892255944619025,399000,-0.0655737704918032
"566","north bend",2016,387,33824,0.0114415799432356,0.0445221668603144,475000,0.190476190476191
"567","pacific",1996,60,27516,0.00218054949847362,-0.339774921981638,125375,0.144977168949771
"568","pacific",1997,105,31821,0.00329970774017158,0.513245969642688,124000,-0.0109670987038873
"569","pacific",1998,75,34021,0.00220452073719173,-0.33190424401735,124950,0.00766129032257901
"570","pacific",1999,108,33331,0.00324022681587711,0.469810086706069,139250,0.114445778311325
"571","pacific",2000,82,31196,0.00262854212078472,-0.188778357149302,147850,0.0617594254937173
"572","pacific",2001,100,30855,0.00324096580781073,0.232989870005652,171000,0.156577612445045
"573","pacific",2002,115,33613,0.00342129533216315,0.0556406747389409,179000,0.0467836257309937
"574","pacific",2003,114,39941,0.00285420995969054,-0.165751657608016,182500,0.0195530726256992
"575","pacific",2004,153,43322,0.00353169290429805,0.237362686759372,181000,-0.00821917808219308
"576","pacific",2005,200,45181,0.00442663951661096,0.253404425742616,224710,0.241491712707183
"577","pacific",2006,141,39609,0.00355979701582974,-0.195824055138983,271000,0.20599884295314
"578","pacific",2007,158,31419,0.00502880422674178,0.412666004375993,271250,0.000922509225092183
"579","pacific",2008,83,20255,0.00409775364107628,-0.185143533867243,262000,-0.0341013824884796
"580","pacific",2009,81,19232,0.00421173044925125,0.0278144608383615,219950,-0.160496183206107
"581","pacific",2010,85,20732,0.00409994211846421,-0.0265421379962506,186570,-0.151761764037281
"582","pacific",2011,130,21948,0.00592309094222708,0.44467672252061,152750,-0.181272444658841
"583","pacific",2012,167,28077,0.00594792890978381,0.0041934131687309,201780,0.320981996726677
"584","pacific",2013,140,33382,0.00419387693966808,-0.294901300388857,188750,-0.064575280007929
"585","pacific",2014,102,31845,0.00320301460197833,-0.236264046833995,178250.5,-0.0556264900662242
"586","pacific",2015,113,34417,0.00328326117906848,0.0250534534062343,213000,0.19494755975439
"587","pacific",2016,126,33824,0.00372516556291391,0.134593125476177,245000,0.150234741784037
"588","redmond",1996,1118,27516,0.0406309056548917,0.0352665950143665,221630,0.108427106776694
"589","redmond",1997,1169,31821,0.0367367461739103,-0.0958423007859427,235000,0.0603257681721789
"590","redmond",1998,1145,34021,0.0336556832544605,-0.0838686938920556,263000,0.119148936170214
"591","redmond",1999,1064,33331,0.0319222345564189,-0.0515053783022456,283075,0.0763307984790864
"592","redmond",2000,1043,31196,0.0334337735607129,0.0473506640527463,309000,0.091583502605316
"593","redmond",2001,1199,30855,0.0388591800356506,0.162273231440227,338834,0.0965501618122984
"594","redmond",2002,1482,33613,0.0440900841936156,0.134611799661391,365000,0.0772236552412104
"595","redmond",2003,2115,39941,0.0529531058311009,0.201020746491764,412500,0.130136986301369
"596","redmond",2004,2149,43322,0.0496052813812843,-0.0632224379906016,443542,0.0752533333333343
"597","redmond",2005,2212,45181,0.0489586330537173,-0.0130358766155706,508485.5,0.146420181177882
"598","redmond",2006,1707,39609,0.0430962660001515,-0.119741232299799,578000,0.136708913036851
"599","redmond",2007,1386,31419,0.0441134345459754,0.0236022430764722,610500,0.0562283737024225
"600","redmond",2008,1095,20255,0.0540607257467292,0.225493464817089,662450,0.0850941850941855
"601","redmond",2009,852,19232,0.0443011647254576,-0.180529596790737,509067.5,-0.231538229300325
"602","redmond",2010,1081,20732,0.0521416168242331,0.17698072155358,540000,0.0607630618729338
"603","redmond",2011,1125,21948,0.0512575177692728,-0.016955727666453,530000,-0.018518518518518
"604","redmond",2012,1247,28077,0.0444135769491042,-0.133520722774276,530000,0
"605","redmond",2013,1458,33382,0.0436762327002576,-0.0166017758419139,578250,0.0910377358490566
"606","redmond",2014,1249,31845,0.0392212278222641,-0.102000667240864,620000,0.0722006052745356
"607","redmond",2015,1308,34417,0.0380044745329343,-0.0310228250590133,665000,0.0725806451612909
"608","redmond",2016,1238,33824,0.0366012298959319,-0.0369231427153761,720000,0.0827067669172925
"609","renton",1996,1682,27516,0.0611280709405437,0.0611614638181948,145000,0.035714285714286
"610","renton",1997,1925,31821,0.0604946419031457,-0.010362326630822,155000,0.0689655172413797
"611","renton",1998,2143,34021,0.0629905058640252,0.0412576036878674,175650,0.133225806451614
"612","renton",1999,2109,33331,0.0632744292100447,0.00450739904569786,185500,0.0560774267008255
"613","renton",2000,2004,31196,0.0642390050006411,0.0152443222742389,212950,0.147978436657681
"614","renton",2001,2184,30855,0.0707826932425863,0.101864719758344,232500,0.0918055881662356
"615","renton",2002,2532,33613,0.0753279980959748,0.0642149181553577,240000,0.0322580645161303
"616","renton",2003,3000,39941,0.075110788412909,-0.00288351859276781,259000,0.0791666666666655
"617","renton",2004,3485,43322,0.0804441161534555,0.0710061477617225,282500,0.0907335907335904
"618","renton",2005,3259,45181,0.0721320909231757,-0.103326702159594,315000,0.115044247787611
"619","renton",2006,2911,39609,0.0734933979651089,0.0188724189817695,365000,0.15873015873016
"620","renton",2007,2312,31419,0.0735860466596645,0.0012606396917394,4e+05,0.0958904109589038
"621","renton",2008,1311,20255,0.0647247593186868,-0.12042075560821,370000,-0.0750000000000001
"622","renton",2009,1388,19232,0.072171381031614,0.11505058947013,318500,-0.13918918918919
"623","renton",2010,1424,20732,0.0686860891375651,-0.0482918830737372,307062.5,-0.0359105180533742
"624","renton",2011,1375,21948,0.0626480772735557,-0.0879073468852838,265000,-0.136983513128436
"625","renton",2012,1918,28077,0.0683121416105709,0.0904108247773174,277496,0.0471547169811326
"626","renton",2013,2124,33382,0.0636271044275358,-0.0685827888363284,303809.5,0.0948247902672466
"627","renton",2014,2082,31845,0.0653791804050871,0.027536629134943,328000,0.0796239090614346
"628","renton",2015,2370,34417,0.0688613185344452,0.0532606574108585,359250,0.0952743902439037
"629","renton",2016,2306,33824,0.0681764427625355,-0.00994572550287631,4e+05,0.113430758524704
"630","sammamish",1996,1423,27516,0.0517153656054659,0.0794019997545499,251500,0.0702127659574476
"631","sammamish",1997,1607,31821,0.0505012413186261,-0.023477051213412,297000,0.180914512922465
"632","sammamish",1998,1836,34021,0.0539666676464537,0.0686206167876802,330475,0.112710437710437
"633","sammamish",1999,1872,33331,0.0561639314752033,0.040715203005387,339000,0.025796202435888
"634","sammamish",2000,1754,31196,0.0562251570714194,0.00109012304886735,357766.5,0.0553584070796458
"635","sammamish",2001,1455,30855,0.0471560525036461,-0.161299764022951,364990,0.0201905432733374
"636","sammamish",2002,1839,33613,0.0547109749204177,0.160211086714425,411620,0.127756924847255
"637","sammamish",2003,2036,39941,0.0509751884028943,-0.0682822143629774,420000,0.0203585831592259
"638","sammamish",2004,2068,43322,0.0477355616084207,-0.0635530126709578,458528.5,0.0917345238095228
"639","sammamish",2005,1958,45181,0.0433368008676213,-0.092148507162915,498687.5,0.0875823422099171
"640","sammamish",2006,1414,39609,0.0356989573076826,-0.176243825271498,617695,0.238641433763631
"641","sammamish",2007,1173,31419,0.0373340972023298,0.0458035757334376,630000,0.0199208347161617
"642","sammamish",2008,795,20255,0.0392495680078993,0.0513062039558292,620000,-0.0158730158730156
"643","sammamish",2009,706,19232,0.0367096505823627,-0.0647119842191737,530500,-0.144354838709678
"644","sammamish",2010,933,20732,0.0450028940767895,0.225914530998323,560000,0.055607917059378
"645","sammamish",2011,954,21948,0.0434663750683434,-0.0341426710429855,540000,-0.035714285714286
"646","sammamish",2012,1279,28077,0.045553299853973,0.048012395382599,531164,-0.0163629629629619
"647","sammamish",2013,1554,33382,0.0465520340303157,0.0219245187405592,618000,0.163482464926086
"648","sammamish",2014,1395,31845,0.0438059349976448,-0.0589898828240802,675000,0.0922330097087387
"649","sammamish",2015,1445,34417,0.0419850655199465,-0.0415667301199296,719000,0.0651851851851841
"650","sammamish",2016,1241,33824,0.0366899243140965,-0.126119636596361,8e+05,0.112656467315718
"651","seatac",1996,268,27516,0.00973978775984882,0.0512657955236822,111500,-0.00888888888888972
"652","seatac",1997,331,31821,0.0104019358285409,0.0679838293213855,122000,0.0941704035874451
"653","seatac",1998,357,34021,0.0104935187090327,0.00880440737198862,129950,0.0651639344262291
"654","seatac",1999,374,33331,0.0112207854549818,0.0693062800110291,142000,0.0927279722970376
"655","seatac",2000,336,31196,0.010770611616874,-0.0401196368929791,160250,0.128521126760563
"656","seatac",2001,327,30855,0.0105979581915411,-0.016030048382989,165950,0.0355694227769103
"657","seatac",2002,334,33613,0.0099366316603695,-0.062401315349539,169995,0.0243748116902693
"658","seatac",2003,378,39941,0.00946395934002654,-0.0475686667775087,187000,0.100032353892761
"659","seatac",2004,423,43322,0.00976409214717695,0.0317132392867585,202000,0.0802139037433136
"660","seatac",2005,508,45181,0.0112436643721919,0.151531980926939,234975,0.163242574257428
"661","seatac",2006,474,39609,0.011966977202151,0.0643307026976094,264975,0.1276731567188
"662","seatac",2007,370,31419,0.0117763136955345,-0.0159324701130207,294500,0.111425606189263
"663","seatac",2008,181,20255,0.00893606516909405,-0.241183157979011,250000,-0.151103565365026
"664","seatac",2009,175,19232,0.00909941763727122,0.018280133938831,210000,-0.159999999999999
"665","seatac",2010,168,20732,0.00810341501061161,-0.1094578429481,190000,-0.095238095238095
"666","seatac",2011,260,21948,0.0118461818844542,0.46187525493157,151000,-0.205263157894737
"667","seatac",2012,274,28077,0.00975887737293871,-0.176200613149005,160000,0.0596026490066213
"668","seatac",2013,341,33382,0.0102150859744773,0.0467480616985327,193900,0.211875
"669","seatac",2014,296,31845,0.00929502276652536,-0.0900690616065997,213998,0.103651366683859
"670","seatac",2015,346,34417,0.0100531713978557,0.0815650106916055,248450,0.160992158805222
"671","seatac",2016,325,33824,0.00960856196783349,-0.0442257883036844,286500,0.153149527067819
"672","seattle",1996,8324,27516,0.302514900421573,-0.00594328563374902,157500,0.0542168674698795
"673","seattle",1997,9509,31821,0.298827818107539,-0.0121881015080437,168950,0.0726984126984123
"674","seattle",1998,10393,34021,0.305487786955116,0.0222869774633236,195000,0.154187629476177
"675","seattle",1999,9813,33331,0.294410608742612,-0.0362606254178387,222500,0.141025641025642
"676","seattle",2000,9144,31196,0.293114501859213,-0.00440237832778767,245000,0.101123595505617
"677","seattle",2001,9102,30855,0.294992707826932,0.00640775518033498,259000,0.0571428571428572
"678","seattle",2002,9864,33613,0.29345788831702,-0.00520290661155176,273000,0.0540540540540555
"679","seattle",2003,11223,39941,0.280989459452693,-0.0424879662831141,291000,0.0659340659340644
"680","seattle",2004,12219,43322,0.282050690180509,0.00377676347676204,327900,0.12680412371134
"681","seattle",2005,13123,45181,0.290453951882428,0.0297934449177972,372393,0.13569075937786
"682","seattle",2006,11907,39609,0.300613496932515,0.034978160855595,419900,0.127572215374618
"683","seattle",2007,10364,31419,0.329864094974379,0.097303009812729,444000,0.0573946177661346
"684","seattle",2008,7015,20255,0.34633423845964,0.0499300885916072,419000,-0.0563063063063065
"685","seattle",2009,6808,19232,0.353993344425957,0.0221147813753033,385000,-0.081145584725538
"686","seattle",2010,6577,20732,0.317239050742813,-0.103827640439809,389950,0.0128571428571431
"687","seattle",2011,6618,21948,0.301530891197376,-0.0495152141851921,358000,-0.0819335812283624
"688","seattle",2012,8489,28077,0.302347116857214,0.00270693877034378,385000,0.0754189944134074
"689","seattle",2013,10383,33382,0.311035887604098,0.0287377330969796,424000,0.101298701298703
"690","seattle",2014,10227,31845,0.321149317004239,0.0325153135158929,453500,0.0695754716981127
"691","seattle",2015,10702,34417,0.310950983525583,-0.0317557377166128,525000,0.157662624035281
"692","seattle",2016,10650,33824,0.31486518448439,0.0125878391328014,6e+05,0.142857142857143
"693","shoreline",1996,740,27516,0.0268934438145079,-0.023374222599007,142500,0.0363636363636362
"694","shoreline",1997,968,31821,0.0304201627855819,0.131136755686582,155800,0.093333333333333
"695","shoreline",1998,1022,34021,0.030040269245466,-0.0124882152272993,172650,0.108151476251606
"696","shoreline",1999,941,33331,0.0282319762383367,-0.0601956324809665,189950,0.100202722270489
"697","shoreline",2000,882,31196,0.0282728554942941,0.00144797713105005,205000,0.0792313766780726
"698","shoreline",2001,928,30855,0.0300761626964836,0.0637822805890031,215000,0.0487804878048783
"699","shoreline",2002,893,33613,0.0265671020141017,-0.116672486373806,229000,0.0651162790697664
"700","shoreline",2003,1027,39941,0.0257129265666859,-0.0321516229719915,238950,0.0434497816593886
"701","shoreline",2004,1044,43322,0.0240986104057984,-0.0627822802161681,268000,0.121573550952083
"702","shoreline",2005,1080,45181,0.0239038533896992,-0.00808166997265403,307725,0.148227611940297
"703","shoreline",2006,973,39609,0.0245651240879598,0.0276637698315854,349777,0.136654480461452
"704","shoreline",2007,796,31419,0.0253349883828257,0.0313397274977825,377000,0.0778295885664291
"705","shoreline",2008,487,20255,0.0240434460627006,-0.0509786032110693,355000,-0.0583554376657824
"706","shoreline",2009,447,19232,0.0232425124792013,-0.0333119296381458,325000,-0.0845070422535215
"707","shoreline",2010,450,20732,0.0217055759212811,-0.0661260936955741,307500,-0.053846153846154
"708","shoreline",2011,446,21948,0.0203207581556406,-0.0638000931494646,269820.5,-0.122534959349593
"709","shoreline",2012,674,28077,0.0240054136837981,0.181324707470855,276000,0.0229022628006395
"710","shoreline",2013,818,33382,0.0245042238332035,0.0207790690873224,324975,0.177445652173915
"711","shoreline",2014,869,31845,0.0272884283246978,0.113621411167556,344950,0.0614662666358949
"712","shoreline",2015,985,34417,0.028619577534358,0.0487807210375504,4e+05,0.159588346137121
"713","shoreline",2016,883,33824,0.0261057237464522,-0.0878368586988364,450000,0.125
"714","skykomish",1996,12,27516,0.000436109899694723,-0.364533362407327,37000,0.138461538461537
"715","skykomish",1997,18,31821,0.000565664184029415,0.297067973979447,46375,0.25337837837838
"716","skykomish",1998,19,34021,0.000558478586755239,-0.0127029383811955,65000,0.401617250673855
"717","skykomish",1999,17,33331,0.000510035702499175,-0.0867408086987147,69000,0.0615384615384602
"718","skykomish",2000,10,31196,0.000320553917168868,-0.371506905108498,35759,-0.481753623188406
"719","skykomish",2001,16,30855,0.000518554529249716,0.617682709447415,64950,0.816325959898208
"720","skykomish",2002,13,33613,0.0003867551245054,-0.254166914586618,85000,0.308698999230178
"721","skykomish",2003,12,39941,0.000300443153651636,-0.223169559715965,109500,0.288235294117648
"722","skykomish",2004,22,43322,0.000507825123493837,0.690253604788944,104250,-0.0479452054794522
"723","skykomish",2005,13,45181,0.000287731568579713,-0.433404226635895,113000,0.0839328537170259
"724","skykomish",2006,15,39609,0.000378701810194653,0.316163575877277,110000,-0.0265486725663725
"725","skykomish",2007,8,31419,0.000254622998822369,-0.327642509309653,111250,0.0113636363636376
"726","skykomish",2008,4,20255,0.000197482103184399,-0.224413725006173,207500,0.865168539325841
"727","skykomish",2009,9,19232,0.000467970049916805,1.36968334026623,70000,-0.662650602409639
"728","skykomish",2010,9,20732,0.000434111518425622,-0.0723519197376041,115000,0.642857142857145
"729","skykomish",2011,7,21948,0.00031893566611992,-0.265313974444647,120000,0.043478260869565
"730","skykomish",2012,10,28077,0.000356163407771486,0.116724924824081,81475,-0.321041666666667
"731","skykomish",2013,14,33382,0.000419387693966808,0.177514828350608,80000,-0.0181037127953366
"732","skykomish",2014,12,31845,0.000376825247291569,-0.101487113922347,144500,0.806250000000001
"733","skykomish",2015,20,34417,0.000581108173286457,0.542115814858937,150000,0.0380622837370239
"734","skykomish",2016,14,33824,0.000413907284768212,-0.287727649006623,147775,-0.0148333333333333
"735","snoqualmie",1996,79,27516,0.00287105683965693,0.195282484995742,124000,-0.0075553848123957
"736","snoqualmie",1997,138,31821,0.00433675874422551,0.510509539317838,247000,0.991935483870964
"737","snoqualmie",1998,200,34021,0.00587872196584463,0.355556606341608,225000,-0.0890688259109298
"738","snoqualmie",1999,235,33331,0.00705049353454742,0.199324202694188,279000,0.239999999999999
"739","snoqualmie",2000,428,31196,0.0137197076548275,0.945921599332158,315000,0.129032258064516
"740","snoqualmie",2001,259,30855,0.00839410144222979,-0.388171989271495,313500,-0.00476190476190375
"741","snoqualmie",2002,437,33613,0.01300092226222,0.548816433979913,381950,0.218341307814991
"742","snoqualmie",2003,600,39941,0.0150221576825818,0.155468618271448,353225,-0.0752061788192181
"743","snoqualmie",2004,733,43322,0.0169198097964083,0.126323538463906,427950,0.211550711302995
"744","snoqualmie",2005,613,45181,0.0135676501184126,-0.198120411419003,444950,0.0397242668536044
"745","snoqualmie",2006,608,39609,0.0153500467065566,0.131371060764981,477975,0.0742218226767057
"746","snoqualmie",2007,557,31419,0.0177281262930074,0.154923280164031,540000,0.129766201161147
"747","snoqualmie",2008,402,20255,0.0198469513700321,0.119517711122151,524375,-0.0289351851851851
"748","snoqualmie",2009,247,19232,0.0128431780366057,-0.352889126538688,450000,-0.141835518474373
"749","snoqualmie",2010,474,20732,0.0228632066370828,0.780182955645246,569000,0.264444444444444
"750","snoqualmie",2011,280,21948,0.0127574266447968,-0.442010613502264,420173,-0.261558875219684
"751","snoqualmie",2012,377,28077,0.013427360472985,0.0525132416466967,419088,-0.00258226968415376
"752","snoqualmie",2013,423,33382,0.0126714996105686,-0.056292587358266,429265,0.0242836826633068
"753","snoqualmie",2014,489,31845,0.0153556288271314,0.211824117038536,507250,0.181670995771843
"754","snoqualmie",2015,505,34417,0.014672981375483,-0.0444558447806587,535000,0.0547067520946278
"755","snoqualmie",2016,379,33824,0.0112050614947966,-0.236347323828882,573900,0.0727102803738329
"756","tukwila",1996,167,27516,0.0060691961040849,0.00352651043003749,114000,0.140570285142572
"757","tukwila",1997,232,31821,0.00729078281637912,0.201276526799329,110000,-0.0350877192982472
"758","tukwila",1998,289,34021,0.00849475324064548,0.165135960649051,130000,0.181818181818183
"759","tukwila",1999,324,33331,0.00972068044763133,0.144315811449362,142975,0.0998076923076916
"760","tukwila",2000,273,31196,0.00875112193871009,-0.0997418353730064,151800,0.0617240776359507
"761","tukwila",2001,263,30855,0.00852374007454221,-0.0259831671596372,162300,0.0691699604743086
"762","tukwila",2002,281,33613,0.00835986076815518,-0.0192262205268902,190000,0.170671595810228
"763","tukwila",2003,290,39941,0.00726070954658121,-0.131479608579238,181250,-0.0460526315789476
"764","tukwila",2004,332,43322,0.00766354277272517,0.0554812478807452,210000,0.158620689655173
"765","tukwila",2005,365,45181,0.00807861711781501,0.0541622011385001,243450,0.159285714285713
"766","tukwila",2006,313,39609,0.00790224443939509,-0.0218320383114814,264750,0.0874922982131865
"767","tukwila",2007,205,31419,0.0065247143448232,-0.174321372255265,284000,0.0727101038715774
"768","tukwila",2008,160,20255,0.00789928412737596,0.210671258526952,281799,-0.00775000000000015
"769","tukwila",2009,124,19232,0.00644758735440932,-0.183775738352745,226869,-0.194926170781302
"770","tukwila",2010,123,20732,0.0059328574184835,-0.0798329526429459,193000,-0.149288796618313
"771","tukwila",2011,164,21948,0.00747220703480955,0.259461758094892,157000,-0.186528497409327
"772","tukwila",2012,197,28077,0.00701641913309827,-0.0609977613826787,169900,0.082165605095543
"773","tukwila",2013,249,33382,0.00745910969983824,0.0630935179815137,182016,0.0713125367863445
"774","tukwila",2014,221,31845,0.00693986497095305,-0.0696121587937562,196700,0.0806742264416314
"775","tukwila",2015,224,34417,0.00650841154080832,-0.0621702917780953,253000,0.28622267412303
"776","tukwila",2016,249,33824,0.0073616367076632,0.131095761462698,305000,0.205533596837945
"777","woodinville",1996,749,27516,0.027220526239279,0.000976890761119398,248000,0.0247933884297511
"778","woodinville",1997,845,31821,0.0265547908613809,-0.0244571090230234,287950,0.16108870967742
"779","woodinville",1998,777,34021,0.0228388348373064,-0.139935427978786,304000,0.0557388435492272
"780","woodinville",1999,706,33331,0.0211814827037893,-0.0725672804818346,330000,0.0855263157894743
"781","woodinville",2000,644,31196,0.0206436722656751,-0.0253905944940278,355000,0.0757575757575752
"782","woodinville",2001,584,30855,0.0189272403176146,-0.083145669334928,350000,-0.0140845070422532
"783","woodinville",2002,665,33613,0.0197840121381608,0.0452666002105351,364500,0.0414285714285709
"784","woodinville",2003,818,39941,0.0204802083072532,0.0351898373409052,397301,0.0899890260631004
"785","woodinville",2004,850,43322,0.0196205161349891,-0.0419767298929077,425500,0.0709764133490718
"786","woodinville",2005,792,45181,0.0175294924857794,-0.106573325330664,485000,0.139835487661577
"787","woodinville",2006,677,39609,0.017092075033452,-0.0249532296888952,593950,0.224639175257731
"788","woodinville",2007,520,31419,0.016550494923454,-0.0316860363026771,605500,0.0194460813199757
"789","woodinville",2008,315,20255,0.0155517156257714,-0.0603473976036304,544500,-0.100743187448389
"790","woodinville",2009,289,19232,0.0150270382695507,-0.0337375868261893,475000,-0.127640036730946
"791","woodinville",2010,375,20732,0.0180879799344009,0.203695605876812,524550,0.104315789473685
"792","woodinville",2011,379,21948,0.0172680882084928,-0.0453279873640724,475000,-0.0944619197407305
"793","woodinville",2012,502,28077,0.0178794030701286,0.0354014210638045,483750,0.0184210526315798
"794","woodinville",2013,610,33382,0.0182733209514109,0.0220319369576993,535000,0.105943152454779
"795","woodinville",2014,558,31845,0.0175223739990579,-0.0410952642023736,546500,0.0214953271028033
"796","woodinville",2015,609,34417,0.0176947438765726,0.00983713037536771,585000,0.070448307410796
"797","woodinville",2016,560,33824,0.0165562913907285,-0.0643384551811134,689500,0.17863247863248
"798","yarrow point",1996,16,27516,0.000581479866259631,-0.410581669479259,385000,-0.0833333333333345
"799","yarrow point",1997,22,31821,0.000691367336035951,0.188978976147827,682500,0.772727272727274
"800","yarrow point",1998,30,34021,0.000881808294876694,0.275455534148694,535000,-0.216117216117216
"801","yarrow point",1999,36,33331,0.00108007560529237,0.224841738921724,732500,0.369158878504674
"802","yarrow point",2000,26,31196,0.000833440184639056,-0.228350144605433,1177000,0.606825938566553
"803","yarrow point",2001,27,30855,0.000875060768108896,0.0499382969971205,1050000,-0.107901444350043
"804","yarrow point",2002,20,33613,0.000595007883854461,-0.320038212728541,772500,-0.264285714285714
"805","yarrow point",2003,25,39941,0.000625923236774242,0.0519578878846301,935000,0.210355987055016
"806","yarrow point",2004,25,43322,0.000577074003970269,-0.0780434882969393,1350000,0.443850267379679
"807","yarrow point",2005,42,45181,0.000929594298488303,0.61087536796441,1291750,-0.0431481481481476
"808","yarrow point",2006,26,39609,0.000656416471004065,-0.293867795799175,1327500,0.0276756338300754
"809","yarrow point",2007,35,31419,0.00111397561984786,0.697056166405923,1445000,0.0885122410546122
"810","yarrow point",2008,16,20255,0.000789928412737596,-0.290892548577071,1825000,0.262975778546714
"811","yarrow point",2009,18,19232,0.000935940099833611,0.184841670133111,1100000,-0.397260273972602
"812","yarrow point",2010,20,20732,0.000964692263168049,0.0307200891804402,1257500,0.143181818181818
"813","yarrow point",2011,21,21948,0.000956806998359759,-0.00817386550027399,1375000,0.0934393638170969
"814","yarrow point",2012,29,28077,0.00103287388253731,0.0795007606632783,1719000,0.250181818181819
"815","yarrow point",2013,26,33382,0.000778862860224073,-0.245926464603059,1382500,-0.195753344968005
"816","yarrow point",2014,23,31845,0.000722248390642173,-0.0726886239839608,1544500,0.117179023508137
"817","yarrow point",2015,37,34417,0.00107505012057995,0.488477003907321,1939999,0.256069278083522
"818","yarrow point",2016,33,33824,0.000975638599810785,-0.0924715219003303,2240000,0.154639770432872
